﻿<?xml version="1.0" encoding="utf-8" ?>
<objects xmlns="http://www.springframework.net" xmlns:xsi="http://www.w3.org/2001/XMLSchema-instance">
  <!--<import resource="~/Provider/AppContext.xml"></import>-->
  <object id="gitAccount" type="System.Collections.Generic.Dictionary&lt;string,string>">
    <constructor-arg>
      <dictionary>
        <entry key="id" value="TqoonDev" />
        <entry key="pw" value="dutnfns!@#0" />
      </dictionary>
    </constructor-arg>
  </object>
  <object id="gitProject" type="System.Collections.Generic.Dictionary&lt;string,string>">
    <constructor-arg>
      <dictionary>
        <entry key="TqoonLibraries" value="https://github.com/TqoonDevTeam/TqoonLibraries.git" />
        <entry key="AdprintWeb" value="https://github.com/TqoonDevTeam/AdprintWeb.git" />
      </dictionary>
    </constructor-arg>
  </object>
  <object name="GitHubSynchronizerJob" type="Spring.Scheduling.Quartz.JobDetailObject, Spring.Scheduling.Quartz2">
    <property name="JobType" value="TqoonDevTeam.Quartz.Job.GitHubSynchronizer, TqoonDevTeam" />
  </object>
  <object id="GitHubSynchronizerJobTrigger" type="Spring.Scheduling.Quartz.CronTriggerObject, Spring.Scheduling.Quartz2">
    <property name="JobDetail" ref="GitHubSynchronizerJob" />
    <property name="CronExpressionString" value="0 0/1 * 1/1 * ? *" />
  </object>
  <!--<object type="Spring.Scheduling.Quartz.SchedulerFactoryObject, Spring.Scheduling.Quartz2">
    <property name="triggers">
      <list>
        <ref object="GitHubSynchronizerJobTrigger" />
      </list>
    </property>
  </object>-->
</objects>